﻿<?xml version="1.0" encoding="UTF-8"?>
<customUI onLoad="Ribbon_Load" xmlns="http://schemas.microsoft.com/office/2006/01/customui">
  <ribbon>
    <tabs>
      <tab id="tabHireLook" label="HireLook">
        <group id="grpHireLook" label="HireLook">
          <button id="btnLogin" onAction="btnLogin_Click" label="Login" showImage="false" getVisible="HideLogin"/>
          <button id="btnParse" onAction="btnParse_Click" label="Parse" showImage="false" getVisible="HideParse"/>
          <button id="btnLogout" onAction="btnLogout_Click" label="Logout" showImage="false"  getVisible="hideLogout"  />
        </group>
      </tab>
    </tabs>
  </ribbon>
</customUI>