﻿<?xml version="1.0" encoding="UTF-8"?>
<customUI onLoad="Ribbon_Load" xmlns="http://schemas.microsoft.com/office/2006/01/customui">
  <ribbon>
    <tabs>
      <tab id="tabHireLook" label="HireLook">
          <group id="grpHireLook" getLabel="getlabel">
          <button id="btnLogin" onAction="btnLogin_Click" label="Login" showImage="true" getVisible="HideLogin" size="large" imageMso="AdpPrimaryKey"/>
          <button id="btnParse" onAction="btnParse_Click" label="Parse" showImage="true" getVisible="HideParse" size="large" imageMso="ReviewDisplayForReview" />
          <button id="btnFolderParse" onAction="btnFolderParse_Click" label="Import Resumes" getVisible="HideImportResume" size="large" imageMso="ReviewDisplayForReview" />
          <button id="btnImportResumePortal" onAction="btnImportResumePortal_Click" label="Import Resumes from Portal" getVisible="HidebtnImportResumePortal" size="large" imageMso="ReviewDisplayForReview" />
          <button id="btnLogout" onAction="btnLogout_Click" label="Logout" showImage="true"  getVisible="hideLogout" size="large"  imageMso="InkDeleteAllInk"/>
        </group>
        
      </tab>
    </tabs>
  </ribbon>
</customUI>