﻿<?xml version="1.0" encoding="UTF-8"?>
<customUI onLoad="Ribbon_Load" xmlns="http://schemas.microsoft.com/office/2006/01/customui">
    <ribbon>
        <tabs>
            <tab id="tabHireLook" label="HireLook">
                <group id="grpHireLook" label="HireLook">
                    <button id="btnParse" onAction="btnParse_Click" label="Parse" showImage="false" />
                  <button id="btnParseSilent" onAction="btnParseSilent_Click" label="Parse Silent" showImage="false" />
                  <button id="btnLogouts" onAction="btnLogout_Click" label="Logout" showImage="false"/>
                <button id="btnHide" onAction="btnHide_Click" label="Logout" showImage="false" visible="true" getVisible="hideLogout" />
                </group>
            </tab>
        </tabs>
    </ribbon>
</customUI>