﻿<?xml version="1.0" encoding="UTF-8"?>
<customUI onLoad="Ribbon_Load" xmlns="http://schemas.microsoft.com/office/2006/01/customui">
    <ribbon>
        <tabs>
            <tab id="tabHireLook" label="HireLook">
                <group id="grpHireLook" label="HireLook">
                    <button id="btnLogin" onAction="btnLogin_Click" label="Parse" size="large" />
                    <button id="btnLogout" onAction="btnLogout_Click" label="Logout" size="large" />
                </group>
                <group id="group1">
                    <labelControl id="lblUserName" label="label1"  />
                </group>
            </tab>
        </tabs>
    </ribbon>
</customUI>